Marieke;Balie;Baliemedewerker;marieke_b
Timo;Desk;Baliemedewerker;timo_d
Kati;Fixer;Reparateur;kati_f
Arie;Neven;Filiaalmanager;arie_n
Anne;Adegeest;Baliemedewerker;anne_a
Martijn;van Nieuwkerk;Reparateur;martijn_n
Jennifer;Goudappel;Filiaalmanager;jennifer_g
Jordy;Donkersloot;Baliemedewerker;jordy_d
TestVoornaam 1;TestAchternaam 1;Test medewerker;test_1
TestVoornaam 2;TestAchternaam 2;Test medewerker;test_2
TestVoornaam 3;TestAchternaam 3;Test medewerker;test_3
TestVoornaam 4;TestAchternaam 4;Test medewerker;test_4
TestVoornaam 5;TestAchternaam 5;Test medewerker;test_5
TestVoornaam 6;TestAchternaam 6;Test medewerker;test_6
TestVoornaam 7;TestAchternaam 7;Test medewerker;test_7
TestVoornaam 8;TestAchternaam 8;Test medewerker;test_8
TestVoornaam 9;TestAchternaam 9;Test medewerker;test_9
TestVoornaam 10;TestAchternaam 10;Test medewerker;test_10
TestVoornaam 11;TestAchternaam 11;Test medewerker;test_11
TestVoornaam 12;TestAchternaam 12;Test medewerker;test_12
TestVoornaam 13;TestAchternaam 13;Test medewerker;test_13
TestVoornaam 14;TestAchternaam 14;Test medewerker;test_14
TestVoornaam 15;TestAchternaam 15;Test medewerker;test_15
TestVoornaam 16;TestAchternaam 16;Test medewerker;test_16
TestVoornaam 17;TestAchternaam 17;Test medewerker;test_17
TestVoornaam 18;TestAchternaam 18;Test medewerker;test_18
TestVoornaam 19;TestAchternaam 19;Test medewerker;test_19
TestVoornaam 20;TestAchternaam 20;Test medewerker;test_20